kind,profile,hz,gain_px_per_count,feedback_delay_ms,first_move_ms,first_within_2px_ms,settled_100ms_start_ms,final_error_px,reversals,generated_counts,sent_counts
production_pid,defaults,60,0.25,0,0.000,-1.000,-1.000,2.250,8,311,311
production_pid,defaults,60,0.25,4,0.000,-1.000,-1.000,2.250,8,311,311
production_pid,defaults,60,0.25,8,0.000,-1.000,-1.000,2.250,8,311,311
production_pid,defaults,60,0.50,0,0.000,-1.000,-1.000,27.000,180,106,106
production_pid,defaults,60,0.50,4,0.000,-1.000,-1.000,27.000,180,106,106
production_pid,defaults,60,0.50,8,0.000,-1.000,-1.000,27.000,180,106,106
production_pid,defaults,60,1.00,0,0.000,-1.000,-1.000,63.000,180,17,17
production_pid,defaults,60,1.00,4,0.000,-1.000,-1.000,63.000,180,17,17
production_pid,defaults,60,1.00,8,0.000,-1.000,-1.000,63.000,180,17,17
production_pid,defaults,120,0.25,0,0.000,-1.000,-1.000,27.500,360,210,210
production_pid,defaults,120,0.25,4,0.000,-1.000,-1.000,27.500,360,210,210
production_pid,defaults,120,0.25,8,0.000,-1.000,-1.000,27.500,360,210,210
production_pid,defaults,120,0.50,0,0.000,-1.000,-1.000,71.500,360,17,17
production_pid,defaults,120,0.50,4,0.000,-1.000,-1.000,71.500,360,17,17
production_pid,defaults,120,0.50,8,0.000,-1.000,-1.000,71.500,360,17,17
production_pid,defaults,120,1.00,0,0.000,-1.000,-1.000,63.000,360,17,17
production_pid,defaults,120,1.00,4,0.000,-1.000,-1.000,63.000,360,17,17
production_pid,defaults,120,1.00,8,0.000,-1.000,-1.000,63.000,360,17,17
production_pid,defaults,240,0.25,0,0.000,-1.000,-1.000,75.750,720,17,17
production_pid,defaults,240,0.25,4,0.000,-1.000,-1.000,75.750,720,17,17
production_pid,defaults,240,0.25,8,0.000,-1.000,-1.000,76.750,360,13,13
production_pid,defaults,240,0.50,0,0.000,-1.000,-1.000,71.500,720,17,17
production_pid,defaults,240,0.50,4,0.000,-1.000,-1.000,71.500,720,17,17
production_pid,defaults,240,0.50,8,0.000,-1.000,-1.000,74.500,360,11,11
production_pid,defaults,240,1.00,0,0.000,-1.000,-1.000,63.000,720,17,17
production_pid,defaults,240,1.00,4,0.000,-1.000,-1.000,63.000,720,17,17
production_pid,defaults,240,1.00,8,0.000,-1.000,-1.000,69.000,360,11,11
production_pid,zhou_pid_values,60,0.25,0,0.000,2066.667,2066.667,1.250,0,315,315
production_pid,zhou_pid_values,60,0.25,4,0.000,2066.667,2066.667,1.250,0,315,315
production_pid,zhou_pid_values,60,0.25,8,0.000,2066.667,2066.667,1.250,0,315,315
production_pid,zhou_pid_values,60,0.50,0,0.000,1016.667,1016.667,0.500,0,159,159
production_pid,zhou_pid_values,60,0.50,4,0.000,1016.667,1016.667,0.500,0,159,159
production_pid,zhou_pid_values,60,0.50,8,0.000,1016.667,1016.667,0.500,0,159,159
production_pid,zhou_pid_values,60,1.00,0,0.000,483.333,483.333,0.000,2,80,80
production_pid,zhou_pid_values,60,1.00,4,0.000,483.333,483.333,0.000,2,80,80
production_pid,zhou_pid_values,60,1.00,8,0.000,483.333,483.333,0.000,2,80,80
production_pid,zhou_pid_values,120,0.25,0,0.000,1066.667,1066.667,0.500,0,318,318
production_pid,zhou_pid_values,120,0.25,4,0.000,1066.667,1066.667,0.500,0,318,318
production_pid,zhou_pid_values,120,0.25,8,0.000,1066.667,1066.667,0.500,0,318,318
production_pid,zhou_pid_values,120,0.50,0,0.000,541.667,541.667,0.000,10,160,160
production_pid,zhou_pid_values,120,0.50,4,0.000,541.667,541.667,0.000,10,160,160
production_pid,zhou_pid_values,120,0.50,8,0.000,541.667,541.667,0.000,10,160,160
production_pid,zhou_pid_values,120,1.00,0,0.000,266.667,283.333,0.000,8,80,80
production_pid,zhou_pid_values,120,1.00,4,0.000,266.667,283.333,0.000,8,80,80
production_pid,zhou_pid_values,120,1.00,8,0.000,266.667,283.333,0.000,8,80,80
production_pid,zhou_pid_values,240,0.25,0,0.000,566.667,566.667,0.250,6,319,319
production_pid,zhou_pid_values,240,0.25,4,0.000,566.667,566.667,0.250,6,319,319
production_pid,zhou_pid_values,240,0.25,8,0.000,550.000,550.000,0.000,6,320,320
production_pid,zhou_pid_values,240,0.50,0,0.000,295.833,304.167,0.000,22,160,160
production_pid,zhou_pid_values,240,0.50,4,0.000,295.833,304.167,0.000,22,160,160
production_pid,zhou_pid_values,240,0.50,8,0.000,283.333,283.333,0.000,10,160,160
production_pid,zhou_pid_values,240,1.00,0,0.000,158.333,166.667,0.000,30,80,80
production_pid,zhou_pid_values,240,1.00,4,0.000,158.333,166.667,0.000,30,80,80
production_pid,zhou_pid_values,240,1.00,8,0.000,104.167,116.667,0.000,18,80,80
production_pid,P_only_control,60,0.25,0,0.000,1766.667,1766.667,0.250,0,319,319
production_pid,P_only_control,60,0.25,4,0.000,1766.667,1766.667,0.250,0,319,319
production_pid,P_only_control,60,0.25,8,0.000,1766.667,1766.667,0.250,0,319,319
production_pid,P_only_control,60,0.50,0,0.000,850.000,850.000,0.000,0,160,160
production_pid,P_only_control,60,0.50,4,0.000,850.000,850.000,0.000,0,160,160
production_pid,P_only_control,60,0.50,8,0.000,850.000,850.000,0.000,0,160,160
production_pid,P_only_control,60,1.00,0,0.000,400.000,400.000,0.000,0,80,80
production_pid,P_only_control,60,1.00,4,0.000,400.000,400.000,0.000,0,80,80
production_pid,P_only_control,60,1.00,8,0.000,400.000,400.000,0.000,0,80,80
production_pid,P_only_control,120,0.25,0,0.000,883.333,883.333,0.000,0,320,320
production_pid,P_only_control,120,0.25,4,0.000,883.333,883.333,0.000,0,320,320
production_pid,P_only_control,120,0.25,8,0.000,883.333,883.333,0.000,0,320,320
production_pid,P_only_control,120,0.50,0,0.000,425.000,425.000,0.000,0,160,160
production_pid,P_only_control,120,0.50,4,0.000,425.000,425.000,0.000,0,160,160
production_pid,P_only_control,120,0.50,8,0.000,425.000,425.000,0.000,0,160,160
production_pid,P_only_control,120,1.00,0,0.000,200.000,200.000,0.000,0,80,80
production_pid,P_only_control,120,1.00,4,0.000,200.000,200.000,0.000,0,80,80
production_pid,P_only_control,120,1.00,8,0.000,200.000,200.000,0.000,0,80,80
production_pid,P_only_control,240,0.25,0,0.000,441.667,441.667,0.000,0,320,320
production_pid,P_only_control,240,0.25,4,0.000,441.667,441.667,0.000,0,320,320
production_pid,P_only_control,240,0.25,8,0.000,429.167,429.167,0.000,0,320,320
production_pid,P_only_control,240,0.50,0,0.000,212.500,212.500,0.000,0,160,160
production_pid,P_only_control,240,0.50,4,0.000,212.500,212.500,0.000,0,160,160
production_pid,P_only_control,240,0.50,8,0.000,195.833,195.833,0.000,0,160,160
production_pid,P_only_control,240,1.00,0,0.000,100.000,100.000,0.000,0,80,80
production_pid,P_only_control,240,1.00,4,0.000,100.000,100.000,0.000,0,80,80
production_pid,P_only_control,240,1.00,8,0.000,83.333,83.333,0.000,0,80,80
production_controller,zhou_follow_off_control,60,0.25,0,16.667,1833.333,1833.333,0.250,2,319,319
production_controller,zhou_follow_off_control,60,0.25,4,16.667,1833.333,1833.333,0.250,2,319,319
production_controller,zhou_follow_off_control,60,0.25,8,16.667,1850.000,1850.000,0.250,2,319,319
production_controller,zhou_follow_off_control,60,0.50,0,16.667,900.000,900.000,0.000,2,160,160
production_controller,zhou_follow_off_control,60,0.50,4,16.667,900.000,900.000,0.000,2,160,160
production_controller,zhou_follow_off_control,60,0.50,8,16.667,916.667,916.667,0.000,2,160,160
production_controller,zhou_follow_off_control,60,1.00,0,16.667,516.667,516.667,0.000,4,80,80
production_controller,zhou_follow_off_control,60,1.00,4,16.667,516.667,516.667,0.000,4,80,80
production_controller,zhou_follow_off_control,60,1.00,8,16.667,516.667,516.667,0.000,2,80,80
production_controller,zhou_follow_off_control,120,0.25,0,8.333,941.667,941.667,0.250,8,319,319
production_controller,zhou_follow_off_control,120,0.25,4,8.333,941.667,941.667,0.250,10,319,319
production_controller,zhou_follow_off_control,120,0.25,8,8.333,941.667,941.667,0.250,10,319,319
production_controller,zhou_follow_off_control,120,0.50,0,8.333,500.000,500.000,0.000,8,160,160
production_controller,zhou_follow_off_control,120,0.50,4,8.333,491.667,508.333,0.000,12,160,160
production_controller,zhou_follow_off_control,120,0.50,8,8.333,491.667,508.333,0.000,12,160,160
production_controller,zhou_follow_off_control,120,1.00,0,8.333,291.667,291.667,0.000,11,80,80
production_controller,zhou_follow_off_control,120,1.00,4,8.333,283.333,283.333,0.000,11,80,80
production_controller,zhou_follow_off_control,120,1.00,8,8.333,283.333,283.333,0.000,11,80,80
production_controller,zhou_follow_off_control,240,0.25,0,4.167,487.500,487.500,0.000,20,320,320
production_controller,zhou_follow_off_control,240,0.25,4,4.167,483.333,483.333,0.000,16,320,320
production_controller,zhou_follow_off_control,240,0.25,8,4.167,466.667,466.667,0.000,12,320,320
production_controller,zhou_follow_off_control,240,0.50,0,4.167,262.500,275.000,-0.500,18,161,161
production_controller,zhou_follow_off_control,240,0.50,4,4.167,258.333,270.833,0.000,97,160,160
production_controller,zhou_follow_off_control,240,0.50,8,4.167,250.000,250.000,-0.500,14,161,161
production_controller,zhou_follow_off_control,240,1.00,0,4.167,325.000,333.333,0.000,49,80,80
production_controller,zhou_follow_off_control,240,1.00,4,4.167,275.000,283.333,0.000,43,80,80
production_controller,zhou_follow_off_control,240,1.00,8,4.167,37.500,329.167,0.000,34,80,80
production_controller,zhou_primary_chain,60,0.25,0,16.667,533.333,-1.000,5.000,2,300,300
production_controller,zhou_primary_chain,60,0.25,4,16.667,533.333,-1.000,5.000,2,300,300
production_controller,zhou_primary_chain,60,0.25,8,16.667,650.000,-1.000,4.250,2,303,303
production_controller,zhou_primary_chain,60,0.50,0,16.667,383.333,1483.333,-0.500,9,161,161
production_controller,zhou_primary_chain,60,0.50,4,16.667,383.333,1483.333,-0.500,9,161,161
production_controller,zhou_primary_chain,60,0.50,8,16.667,450.000,1683.333,-0.500,4,161,161
production_controller,zhou_primary_chain,60,1.00,0,16.667,350.000,1233.333,0.000,22,80,80
production_controller,zhou_primary_chain,60,1.00,4,16.667,350.000,1233.333,0.000,22,80,80
production_controller,zhou_primary_chain,60,1.00,8,16.667,350.000,1250.000,0.000,24,80,80
production_controller,zhou_primary_chain,120,0.25,0,8.333,391.667,1700.000,-0.250,10,321,321
production_controller,zhou_primary_chain,120,0.25,4,8.333,383.333,1683.333,-0.250,10,321,321
production_controller,zhou_primary_chain,120,0.25,8,8.333,383.333,1683.333,-0.250,10,321,321
production_controller,zhou_primary_chain,120,0.50,0,8.333,383.333,383.333,0.000,42,160,160
production_controller,zhou_primary_chain,120,0.50,4,8.333,291.667,358.333,0.500,95,159,159
production_controller,zhou_primary_chain,120,0.50,8,8.333,291.667,358.333,0.000,96,160,160
production_controller,zhou_primary_chain,120,1.00,0,8.333,233.333,841.667,0.000,72,80,80
production_controller,zhou_primary_chain,120,1.00,4,8.333,225.000,833.333,0.000,101,80,80
production_controller,zhou_primary_chain,120,1.00,8,8.333,225.000,833.333,0.000,101,80,80
production_controller,zhou_primary_chain,240,0.25,0,4.167,270.833,1312.500,-0.500,34,322,322
production_controller,zhou_primary_chain,240,0.25,4,4.167,266.667,1308.333,-0.500,32,322,322
production_controller,zhou_primary_chain,240,0.25,8,4.167,266.667,1287.500,-0.500,28,322,322
production_controller,zhou_primary_chain,240,0.50,0,4.167,212.500,904.167,-0.500,58,161,161
production_controller,zhou_primary_chain,240,0.50,4,4.167,204.167,916.667,0.000,100,160,160
production_controller,zhou_primary_chain,240,0.50,8,4.167,200.000,883.333,0.000,66,160,160
production_controller,zhou_primary_chain,240,1.00,0,4.167,325.000,333.333,0.000,273,80,80
production_controller,zhou_primary_chain,240,1.00,4,4.167,262.500,287.500,0.000,281,80,80
production_controller,zhou_primary_chain,240,1.00,8,4.167,37.500,329.167,0.000,165,80,80
production_slot,consumer_every_1_frames,120,0,0,0,0,0,0,0,1200,1200
production_slot,consumer_every_2_frames,120,0,0,0,0,0,0,0,1200,600
production_slot,consumer_every_4_frames,120,0,0,0,0,0,0,0,1200,300
